question,answer
hi,"Hello! I’m OceanAlly, ready to help you stay safe from ocean hazards. How can I assist you today?"
hello,Hi there! It’s great to see you! Ask me anything about ocean safety and disaster preparedness.
good morning,Good morning! OceanAlly is here to keep your day safe and worry-free. How can I help you today?
good afternoon,Good afternoon! I’m here to assist you with any questions about ocean hazards and safety tips.
good evening,"Good evening! I’m OceanAlly, always here to help you stay prepared for ocean disasters."
how are you,I’m swimming in excitement to help you! How can I assist you today?
nice to meet you,Nice to meet you too! Let’s make sure you’re ready to face any ocean hazard with confidence.
who are you,"I’m OceanAlly, your friendly companion for ocean safety, disaster preparedness, and recovery tips."
can you help me,Absolutely! I’m here to guide you through ocean hazards and how to stay safe. Just ask me anything.
thank you,You’re welcome! It’s always my pleasure to help you stay safe from ocean disasters. Ask away anytime!
what is a cyclone,A cyclone is a powerful storm with strong winds and heavy rainfall that can cause flooding and damage along coastlines. Stay safe indoors when warnings are issued!
what is a tsunami,"A tsunami is a series of large waves caused by underwater earthquakes or landslides. It can flood coastal areas quickly, so evacuation is important!"
what is a flood,"A flood happens when water overflows from rivers, seas, or storms, submerging land and homes. Being prepared can save lives and protect your belongings!"
what is an oil spill,"An oil spill occurs when oil leaks into the ocean, harming marine life and the environment. Avoid affected areas and report spills to authorities."
what is coastal erosion,"Coastal erosion is the gradual wearing away of shorelines due to waves and tides, which can threaten homes and habitats. Protect yourself by staying informed!"
how dangerous is a cyclone,Cyclones can be very dangerous with strong winds and heavy rain that can cause flooding and structural damage. Always follow local warnings and stay safe!
can a tsunami destroy a town,"Yes, a tsunami’s massive waves can flood and destroy coastal towns quickly. Early warning and evacuation are key to staying safe!"
why do floods happen,"Floods happen due to heavy rainfall, rising sea levels, or storms, causing water to overflow into homes and streets. Preparedness helps reduce risks!"
how does an oil spill affect marine life,"Oil spills coat marine animals like turtles and fish, making it hard for them to breathe and survive. Reporting spills helps protect wildlife! "
is coastal erosion slow or fast,Coastal erosion can happen slowly over time or quickly during storms. Staying informed helps you protect your home and family!
how do i prepare for a cyclone,"Stock emergency supplies like water, food, and medicines. Secure loose objects outside your home and stay indoors during warnings. Stay tuned to local alerts!"
what should i do before a flood,"Keep important documents in a waterproof bag, store enough clean water, and create an evacuation plan with your family. Always check weather updates!"
how can i stay safe during a tsunami,"Learn evacuation routes in advance, move to higher ground quickly if an alert is issued, and keep a ready emergency kit. Avoid the coast until authorities say it’s safe!"
how do i protect my family from coastal erosion,"Keep track of shoreline changes, follow evacuation orders, and avoid building close to eroding areas. Safety is always the first priority!"
what supplies should i pack for a disaster,"Pack drinking water, non-perishable food, flashlight, batteries, first aid kit, necessary medicines, and important documents in a waterproof container. Stay prepared!"
how do i prepare for an oil spill in my area,"Avoid beaches or water bodies affected by spills, secure food and water sources, and report any sightings to authorities immediately. Stay cautious and informed!"
how do i prepare mentally for disasters,"Talk with family about emergency plans, stay informed through reliable sources, and practice staying calm. Confidence helps during uncertainty!"
should i evacuate when there is a warning,Yes! Evacuation saves lives. Follow instructions from local authorities and move to designated safe areas with your family and emergency supplies.
how do i secure my home from strong winds,"Close windows and doors securely, reinforce structures where possible, and bring outdoor items indoors. Protect what you can before the storm arrives!"
what is the best way to stay updated during disasters,"Use weather apps, listen to local radio stations, and follow government alerts. Reliable information helps you act quickly and safely! "
what should i do after a flood,"Check for injuries and seek medical help if needed, clean contaminated areas safely, and contact local relief centers for assistance. Stay patient and take it one step at a time!"
where can i find shelters,"Visit official disaster management websites or call emergency services at 112. Shelters provide food, water, and medical aid until it’s safe to return home."
how do i report damages,"Contact local disaster authorities, share your location, and describe the damage. Reporting helps ensure faster relief and repairs!"
what medical help is available after a cyclone,"Emergency clinics and hospitals offer treatment for injuries, infections, and stress. Local health teams are ready to assist—don’t hesitate to reach out!"
how can i help others after a disaster,"Volunteer at shelters, donate supplies like food and clothes, and share verified information. Every small action helps rebuild lives!"
what to do if my home is damaged,"Stay away from unstable structures, report the damage to authorities, and seek temporary shelter. Your safety comes first!"
how do i recover emotionally from a disaster,"Talk to loved ones, seek counseling if needed, and give yourself time to heal. It’s okay to feel overwhelmed—support is available!"
how do i clean my house after an oil spill,"Wear protective gear, ventilate the area, and clean surfaces with approved materials. Follow local guidelines for safe cleanup!"
where can i get clean water after a disaster,"Relief centers, government aid points, and bottled water distribution sites can help. Always prioritize safe drinking water for your health!"
how long does recovery take after a cyclone,"Recovery time varies depending on the damage. Some repairs take days, others weeks or months. Stay connected with relief teams and don’t lose hope!"
what is the emergency number,"Dial 112 for emergency help anywhere in the country. Local disaster teams, ambulances, and fire services are ready to assist you!"
who should i call if my area is flooded,Contact local disaster management authorities or call 112. They can guide you to shelters and medical help right away!
where can i find emergency medical help,"Hospitals, clinics, and relief centers set up by the government provide urgent medical care. Call 112 or check official websites for nearby facilities!"
how do i report an oil spill,Report oil spills to environmental authorities or coastal management teams through helplines or official websites. Quick reporting helps protect marine life!
is there a helpline for mental health support,"Yes, many disaster relief organizations offer counseling helplines. Talk to trained professionals to get emotional support when you need it!"
who helps if my home is destroyed,"Government relief teams, local NGOs, and disaster management groups provide shelter, supplies, and assistance during recovery. Reach out to them for help!"
how do i contact the coast guard,Visit official coast guard websites or call emergency numbers provided by them. They coordinate rescue and marine safety operations!
what should i do if i’m stuck during a storm,"Stay in a safe location, call emergency services at 112, and share your location. Rescue teams are trained to help you as quickly as possible!"
where can i find government alerts about storms,"Check local weather apps, government disaster portals, or subscribe to SMS alerts. Stay informed to act before danger strikes!"
who do i call if someone is injured,Contact emergency services by calling 112 immediately. They will send medical teams to assist with treatment and transport if needed! 
